<?xml version="1.0" encoding="UTF-8"?>
<project-private xmlns="http://www.netbeans.org/ns/project-private/1">
    <editor-bookmarks xmlns="http://www.netbeans.org/ns/editor-bookmarks/2" lastBookmarkId="0"/>
    <open-files xmlns="http://www.netbeans.org/ns/projectui-open-files/2">
        <group>
            <file>file:/C:/Users/Andrew/Documents/NetBeansProjects/C482%20Assessment/src/Main/Part.java</file>
            <file>file:/C:/Users/Andrew/Documents/NetBeansProjects/C482%20Assessment/src/Controllers/ModifyProductController.java</file>
            <file>file:/C:/Users/Andrew/Documents/NetBeansProjects/C482%20Assessment/src/Controllers/AddProductController.java</file>
            <file>file:/C:/Users/Andrew/Documents/NetBeansProjects/C482%20Assessment/src/Controllers/ModifyPartController.java</file>
            <file>file:/C:/Users/Andrew/Documents/NetBeansProjects/C482%20Assessment/src/Main/Inventory.java</file>
            <file>file:/C:/Users/Andrew/Documents/NetBeansProjects/C482%20Assessment/src/Controllers/AddPartController.java</file>
            <file>file:/C:/Users/Andrew/Documents/NetBeansProjects/C482%20Assessment/src/Main/InventoryProgram.java</file>
            <file>file:/C:/Users/Andrew/Documents/NetBeansProjects/C482%20Assessment/src/Controllers/MainScreenController.java</file>
            <file>file:/C:/Users/Andrew/Documents/NetBeansProjects/C482%20Assessment/src/Main/Product.java</file>
        </group>
    </open-files>
</project-private>
